{
  "Routes": [
    // ======= Users =======
    {
      "DownstreamPathTemplate": "/api/Users",
      "UpstreamPathTemplate": "/users",
      "DownstreamScheme": "https",
      "UpstreamHttpMethod": [ "GET", "POST" ],
      "DownstreamHostAndPorts": [
        {
          "Host": "localhost",
          "Port": 7131
        }
      ],
      "Priority": 1
    },
    {
      "DownstreamPathTemplate": "/api/Users/{id}",
      "UpstreamPathTemplate": "/users/{id}",
      "DownstreamScheme": "https",
      "UpstreamHttpMethod": [ "GET", "PUT", "DELETE" ],
      "DownstreamHostAndPorts": [
        {
          "Host": "localhost",
          "Port": 7131
        }
      ],
      "Priority": 1
    },

    // ======= Auth =======
    {
      "DownstreamPathTemplate": "/api/Auth/register",
      "UpstreamPathTemplate": "/auth/register",
      "DownstreamScheme": "https",
      "UpstreamHttpMethod": [ "POST" ],
      "DownstreamHostAndPorts": [
        {
          "Host": "localhost",
          "Port": 7131
        }
      ],
      "Priority": 1
    },
    {
      "DownstreamPathTemplate": "/api/Auth/login",
      "UpstreamPathTemplate": "/auth/login",
      "DownstreamScheme": "https",
      "UpstreamHttpMethod": [ "POST" ],
      "DownstreamHostAndPorts": [
        {
          "Host": "localhost",
          "Port": 7131
        }
      ],
      "Priority": 1
    },
    // ======= Documents =======
    {
      "DownstreamPathTemplate": "/api/Documents/upload",
      "UpstreamPathTemplate": "/documents/upload",
      "DownstreamScheme": "https",
      "UpstreamHttpMethod": [ "POST" ],
      "DownstreamHostAndPorts": [
        {
          "Host": "localhost",
          "Port": 7242
        }
      ],
      "Priority": 1
    },
    {
      "DownstreamPathTemplate": "/api/Documents/{id}",
      "UpstreamPathTemplate": "/documents/{id}",
      "DownstreamScheme": "https",
      "UpstreamHttpMethod": [ "GET", "DELETE" ],
      "DownstreamHostAndPorts": [
        {
          "Host": "localhost",
          "Port": 7242
        }
      ],
      "Priority": 1
    },
    {
      "DownstreamPathTemplate": "/api/Documents/byrequest/{requestId}",
      "UpstreamPathTemplate": "/documents/byrequest/{requestId}",
      "DownstreamScheme": "https",
      "UpstreamHttpMethod": [ "GET" ],
      "DownstreamHostAndPorts": [
        {
          "Host": "localhost",
          "Port": 7242
        }
      ],
      "Priority": 1
    },

    // ======= Travel Requests collection =======
    {
      "DownstreamPathTemplate": "/api/TravelRequests",
      "UpstreamPathTemplate": "/requests",
      "DownstreamScheme": "https",
      "UpstreamHttpMethod": [ "GET", "POST" ],
      "DownstreamHostAndPorts": [
        {
          "Host": "localhost",
          "Port": 7242
        }
      ],
      "Priority": 1
    },

    // ======= Travel Requests by id (GET/PUT/PATCH/DELETE) =======
    {
      "DownstreamPathTemplate": "/api/TravelRequests/{id}",
      "UpstreamPathTemplate": "/requests/{id}",
      "DownstreamScheme": "https",
      "UpstreamHttpMethod": [ "GET", "PUT", "PATCH", "DELETE" ],
      "DownstreamHostAndPorts": [
        {
          "Host": "localhost",
          "Port": 7242
        }
      ],
      "Priority": 1
    },

    // ======= Travel Request action =======
    {
      "DownstreamPathTemplate": "/api/TravelRequests/{id}/action",
      "UpstreamPathTemplate": "/requests/{id}/action",
      "DownstreamScheme": "https",
      "UpstreamHttpMethod": [ "POST" ],
      "DownstreamHostAndPorts": [
        {
          "Host": "localhost",
          "Port": 7242
        }
      ],
      "Priority": 1
    }
  ],
  "GlobalConfiguration": {
    "BaseUrl": "https://localhost:7210"
  }
}
